appUseMode,relocateState,OLD_STATUS_DESC (CPE_status),SN_PATTERN,REGISTER_DATE,PENALTY_PRODUCT_CODE,PENALTY,STATUS_DESC (Return status to),APIs
return,-,In service,B,6/1/2019,P17099884,2500.0,Return,"createOrderChangeService,updateCpeInfo,addCpeAccessory (saveTransection)"
return,-,In service,B,8/1/2019,P17099884,2500.0,Return,"createOrderChangeService,updateCpeInfo,addCpeAccessory (saveTransection)"
return,-,In service,B,6/1/2019,P17099884,2500.0,Inactive,"createOrderChangeService,updateCpeInfo,addCpeAccessory (saveTransection)"
return,-,In service,B,8/1/2019,P17099884,2500.0,Inactive,"createOrderChangeService,updateCpeInfo,addCpeAccessory (saveTransection)"
return,-,In service,B,6/1/2019,P17099884,2500.0,Inactive Not Paid,"createOrderChangeService,updateCpeInfo,addCpeAccessory (saveTransection)"
return,-,In service,B,8/1/2019,P17099884,2500.0,Inactive Not Paid,"createOrderChangeService,updateCpeInfo,addCpeAccessory (saveTransection)"
return,-,In service,B,8/1/2019,P17099884,2500.0,Return,"createOrderChangeService,updateCpeInfo,addCpeAccessory (saveTransection)"
return,-,In service,B,8/1/2019,P17099884,2500.0,Inactive Not Paid,"createOrderChangeService,updateCpeInfo,addCpeAccessory (saveTransection)"
return,-,Inactive,B,6/1/2019,P17099884,2500.0,Return,"createOrderChangeService,updateCpeInfo,addCpeAccessory (saveTransection)"
return,-,Inactive,B,6/1/2019,P17099884,2500.0,Inactive Not Paid,"createOrderChangeService,updateCpeInfo,addCpeAccessory (saveTransection)"
return,-,Inactive,B,8/1/2019,P17099884,2500.0,Return,"deleteOTCListService,createOrderChangeService,updateCpeInfo,addCpeAccessory (saveTransection)"
return,-,Inactive,B,8/1/2019,P17099884,2500.0,Inactive Not Paid,"createOrderChangeService,updateCpeInfo,addCpeAccessory (saveTransection)"
return,-,Inactive,B,6/1/2019,P17099884,2500.0,Inactive,"createOrderChangeService,updateCpeInfo,addCpeAccessory (saveTransection)"
return,-,Inactive,B,8/1/2019,P17099884,2500.0,Inactive,"createOrderChangeService,updateCpeInfo,addCpeAccessory (saveTransection)"
return,-,In service,S,8/1/2019,P17099884,2500.0,Return,"createOrderChangeService,updateCpeInfo,addCpeAccessory (saveTransection)"
return,-,In service,S,8/1/2019,P17099884,2500.0,Inactive,"createOrderChangeService,updateCpeInfo,addCpeAccessory (saveTransection)"
return,-,In service,S,8/1/2019,P17099884,2500.0,Inactive Not Paid,"createOrderChangeService,updateCpeInfo,addCpeAccessory (saveTransection)"
return,-,In service,S,6/1/2019,P17099884,2500.0,Return,"createOrderChangeService,updateCpeInfo,addCpeAccessory (saveTransection)"
return,-,In service,S,6/1/2019,P17099884,2500.0,Inactive,"createOrderChangeService,updateCpeInfo,addCpeAccessory (saveTransection)"
return,-,In service,S,6/1/2019,P17099884,2500.0,Inactive Not Paid,"createOrderChangeService,updateCpeInfo,addCpeAccessory (saveTransection)"
return,-,Inactive,S,6/1/2019,P17099884,2500.0,Return,"createOrderChangeService,updateCpeInfo,addCpeAccessory (saveTransection)"
return,-,Inactive,S,6/1/2019,P17099884,2500.0,Inactive,"createOrderChangeService,updateCpeInfo,addCpeAccessory (saveTransection)"
return,-,Inactive,S,6/1/2019,P17099884,2500.0,Inactive Not Paid,"createOrderChangeService,updateCpeInfo,addCpeAccessory (saveTransection)"
return,-,Inactive,S,8/1/2019,P17099884,2500.0,Return,"deleteOTCListService,createOrderChangeService,updateCpeInfo,addCpeAccessory (saveTransection)"
return,-,Inactive,S,8/1/2019,P17099884,2500.0,Inactive,"createOrderChangeService,updateCpeInfo,addCpeAccessory (saveTransection)"
return,-,Inactive,S,8/1/2019,P17099884,2500.0,Inactive Not Paid,"createOrderChangeService,updateCpeInfo,addCpeAccessory (saveTransection)"
return,-,Return,B,6/1/2019,P17099884,2500.0,Return,"createOrderChangeService,updateCpeInfo,addCpeAccessory (saveTransection)"
return,-,Inactive not Paid,B,6/1/2019,P17099884,2500.0,Return,"createOrderChangeService,updateCpeInfo,addCpeAccessory (saveTransection)"
return,-,Out of service,B,6/1/2019,P17099884,2500.0,Return,"createOrderChangeService,updateCpeInfo,addCpeAccessory (saveTransection)"
return,-,Return,B,8/1/2019,P17099884,2500.0,Return,"createOrderChangeService,updateCpeInfo,addCpeAccessory (saveTransection)"
return,-,Inactive not Paid,B,8/1/2019,P17099884,2500.0,Return,"createOrderChangeService,updateCpeInfo,addCpeAccessory (saveTransection)"
return,-,Out of service,B,8/1/2019,P17099884,2500.0,Return,"createOrderChangeService,updateCpeInfo,addCpeAccessory (saveTransection)"
return,-,Return,B,8/1/2019,P17099884,2500.0,Return,"createOrderChangeService,updateCpeInfo,addCpeAccessory (saveTransection)"