appUseMode,relocateState,OLD_STATUS_DESC (CPE_status),SN_PATTERN,REGISTER_DATE,PENALTY_PRODUCT_CODE,PENALTY,STATUS_DESC (Return status to),APIs
cancel,-,Return,B,6/1/2019,P17099884,2500.0,In service,"updateCpeInfo"
cancel,-,Return,B,6/1/2019,P17099884,2500.0,In service,"updateCpeInfo"
cancel,-,Return,B,6/1/2019,P17099884,2500.0,In service,"updateCpeInfo"
cancel,-,Return,B,8/1/2019,P17099884,2500.0,In service,"updateCpeInfo"
cancel,-,Return,B,8/1/2019,P17099884,2500.0,In service,"updateCpeInfo"
cancel,-,Return,B,8/1/2019,P17099884,2500.0,In service,"updateCpeInfo"
cancel,-,Inactive,B,6/1/2019,P17099884,2500.0,In service,"updateCpeInfo"
cancel,-,Inactive,B,6/1/2019,P17099884,2500.0,In service,"updateCpeInfo"
cancel,-,Inactive,B,6/1/2019,P17099884,2500.0,In service,"updateCpeInfo"
cancel,-,Inactive,B,8/1/2019,P17099884,2500.0,In service,"updateCpeInfo"
cancel,-,Inactive,B,8/1/2019,P17099884,2500.0,In service,"updateCpeInfo"
cancel,-,Inactive,B,8/1/2019,P17099884,2500.0,In service,"updateCpeInfo"
cancel,-,Inactive Not Paid,B,6/1/2019,P17099884,2500.0,In service,"updateCpeInfo"
cancel,-,Inactive Not Paid,B,6/1/2019,P17099884,2500.0,In service,"updateCpeInfo"
cancel,-,Inactive Not Paid,B,6/1/2019,P17099884,2500.0,In service,"updateCpeInfo"
cancel,-,Inactive Not Paid,B,8/1/2019,P17099884,2500.0,In service,"updateCpeInfo"
cancel,-,Inactive Not Paid,B,8/1/2019,P17099884,2500.0,In service,"updateCpeInfo"
cancel,-,Inactive Not Paid,B,8/1/2019,P17099884,2500.0,In service,"updateCpeInfo"
cancel,-,Return,B,6/1/2019,P17099884,2500.0,Inactive,"updateCpeInfo"
cancel,-,Return,B,6/1/2019,P17099884,2500.0,Inactive,"updateCpeInfo"
cancel,-,Return,B,6/1/2019,P17099884,2500.0,Inactive,"updateCpeInfo"
cancel,-,Inactive Not Paid,B,6/1/2019,P17099884,2500.0,Inactive,"updateCpeInfo"
cancel,-,Inactive Not Paid,B,6/1/2019,P17099884,2500.0,Inactive,"updateCpeInfo"
cancel,-,Inactive Not Paid,B,6/1/2019,P17099884,2500.0,Inactive,"updateCpeInfo"
cancel,-,Return,B,8/1/2019,P17099884,2500.0,Inactive,"updateCpeInfo"
cancel,-,Return,B,8/1/2019,P17099884,2500.0,Inactive,"updateCpeInfo"
cancel,-,Return,B,8/1/2019,P17099884,2500.0,Inactive,"updateCpeInfo"
cancel,-,Inactive Not Paid,B,8/1/2019,P17099884,2500.0,Inactive,"updateCpeInfo"
cancel,-,Inactive Not Paid,B,8/1/2019,P17099884,2500.0,Inactive,"updateCpeInfo"
cancel,-,Inactive Not Paid,B,8/1/2019,P17099884,2500.0,Inactive,"updateCpeInfo"
cancel,-,Inactive,B,6/1/2019,P17099884,2500.0,Inactive,"updateCpeInfo"
cancel,-,Inactive,B,6/1/2019,P17099884,2500.0,Inactive,"updateCpeInfo"
cancel,-,Inactive,B,6/1/2019,P17099884,2500.0,Inactive,"updateCpeInfo"
cancel,-,Inactive,B,8/1/2019,P17099884,2500.0,Inactive,"deleteOTCListService,updateCpeInfo"
cancel,-,Inactive,B,8/1/2019,P17099884,2500.0,Inactive,"deleteOTCListService,updateCpeInfo"
cancel,-,Inactive,B,8/1/2019,P17099884,2500.0,Inactive,"deleteOTCListService,updateCpeInfo"
cancel,-,Return,S,6/1/2019,P17099884,2500.0,Inactive,"updateCpeInfo"
cancel,-,Return,S,6/1/2019,P17099884,2500.0,Inactive,"updateCpeInfo"
cancel,-,Return,S,6/1/2019,P17099884,2500.0,Inactive,"updateCpeInfo"
cancel,-,Inactive Not Paid,S,6/1/2019,P17099884,2500.0,Inactive,"updateCpeInfo"
cancel,-,Inactive Not Paid,S,6/1/2019,P17099884,2500.0,Inactive,"updateCpeInfo"
cancel,-,Inactive Not Paid,S,6/1/2019,P17099884,2500.0,Inactive,"updateCpeInfo"
cancel,-,Return,S,8/1/2019,P17099884,2500.0,Inactive,"updateCpeInfo"
cancel,-,Return,S,8/1/2019,P17099884,2500.0,Inactive,"updateCpeInfo"
cancel,-,Return,S,8/1/2019,P17099884,2500.0,Inactive,"updateCpeInfo"
cancel,-,Inactive Not Paid,S,8/1/2019,P17099884,2500.0,Inactive,"updateCpeInfo"
cancel,-,Inactive Not Paid,S,8/1/2019,P17099884,2500.0,Inactive,"updateCpeInfo"
cancel,-,Inactive Not Paid,S,8/1/2019,P17099884,2500.0,Inactive,"updateCpeInfo"
cancel,-,Return,S,8/1/2019,P17099884,2500.0,In service,"updateCpeInfo"
cancel,-,Return,S,8/1/2019,P17099884,2500.0,In service,"updateCpeInfo"
cancel,-,Return,S,8/1/2019,P17099884,2500.0,In service,"updateCpeInfo"
cancel,-,Inactive Not Paid,S,8/1/2019,P17099884,2500.0,In service,"updateCpeInfo"
cancel,-,Inactive Not Paid,S,8/1/2019,P17099884,2500.0,In service,"updateCpeInfo"
cancel,-,Inactive Not Paid,S,8/1/2019,P17099884,2500.0,In service,"updateCpeInfo"
cancel,-,Return,S,6/1/2019,P17099884,2500.0,In service,"updateCpeInfo"
cancel,-,Return,S,6/1/2019,P17099884,2500.0,In service,"updateCpeInfo"
cancel,-,Return,S,6/1/2019,P17099884,2500.0,In service,"updateCpeInfo"
cancel,-,Inactive Not Paid,S,6/1/2019,P17099884,2500.0,In service,"updateCpeInfo"
cancel,-,Inactive Not Paid,S,6/1/2019,P17099884,2500.0,In service,"updateCpeInfo"
cancel,-,Inactive Not Paid,S,6/1/2019,P17099884,2500.0,In service,"updateCpeInfo"
cancel,-,Return,R,8/1/2019,P17099884,2500.0,In service,"updateCpeInfo"
cancel,-,Inactive,R,8/1/2019,P17099884,2500.0,In service,"updateCpeInfo"
cancel,-,Inactive Not Paid,R,8/1/2019,P17099884,2500.0,In service,"updateCpeInfo"
cancel,-,Return,R,8/1/2019,P17099884,2500.0,Inactive,"updateCpeInfo"
cancel,-,Inactive Not Paid,R,8/1/2019,P17099884,2500.0,Inactive,"updateCpeInfo"
cancel,-,Inactive,R,8/1/2019,P17099884,2500.0,Inactive,"deleteOTCListService,updateCpeInfo"
"LAST DEVICE, All devices will be called to API:confirmSusspend",,,,,,,,"confirmSusspend"