appUseMode,relocateState,OLD_STATUS_DESC (CPE_status),SN_PATTERN,REGISTER_DATE,PENALTY_PRODUCT_CODE,PENALTY,STATUS_DESC (Return status to),APIs
return,Relocation,In service,R,8/1/2019,P17099884,2500.0,Return,"createOrderChangePromotion,updateCpeInfo,addCpeAccessory (saveTransection)"
return,Relocation,In service,R,8/1/2019,P17099884,2500.0,Inactive Not paid,"createOrderChangePromotion,updateCpeInfo,addCpeAccessory (saveTransection)"
return,Relocation,In service,R,8/1/2019,P17099884,2500.0,Inactive,"createOrderChangePromotion,updateCpeInfo,addCpeAccessory (saveTransection)"
return,Relocation,Inactive,R,8/1/2019,P17099884,2500.0,Return,"deleteOTCListService,updateCpeInfo,addCpeAccessory (saveTransection)"
return,Relocation,Inactive,R,8/1/2019,P17099884,2500.0,Inactive Not paid,"updateCpeInfo,addCpeAccessory (saveTransection)"
return,Relocation,In service,R,8/1/2019,P17099884,2500.0,Return,"createOrderChangePromotion,updateCpeInfo,addCpeAccessory (saveTransection)"
return,Relocation,In service,R,8/1/2019,P17099884,2500.0,Inactive Not paid,"createOrderChangePromotion,updateCpeInfo,addCpeAccessory (saveTransection)"
return,Relocation,In service,R,8/1/2019,P17099884,2500.0,Inactive,"createOrderChangePromotion,updateCpeInfo,addCpeAccessory (saveTransection)"
return,Relocation,Inactive,R,8/1/2019,P17099884,2500.0,Return,"deleteOTCListService,updateCpeInfo,addCpeAccessory (saveTransection)"
return,Relocation,Inactive,R,8/1/2019,P17099884,2500.0,Inactive Not paid,"updateCpeInfo,addCpeAccessory (saveTransection)"
return,Relocation,In service,B,8/1/2019,P17099884,2500.0,Return,"updateCpeInfo,addCpeAccessory (saveTransection)"
return,Relocation,In service,B,8/1/2019,P17099884,2500.0,Inactive Not paid,"updateCpeInfo,addCpeAccessory (saveTransection)"
return,Relocation,In service,B,8/1/2019,P17099884,2500.0,Inactive,"updateCpeInfo,addCpeAccessory (saveTransection)"
return,Relocation,Inactive,B,8/1/2019,P17099884,2500.0,Return,"deleteOTCListService,updateCpeInfo,addCpeAccessory (saveTransection)"
return,Relocation,Inactive,B,8/1/2019,P17099884,2500.0,Inactive Not paid,"updateCpeInfo,addCpeAccessory (saveTransection)"
return,Relocation,In service,B,8/1/2019,P17099884,2500.0,Return,"updateCpeInfo,addCpeAccessory (saveTransection)"
return,Relocation,In service,B,8/1/2019,P17099884,2500.0,Inactive Not paid,"updateCpeInfo,addCpeAccessory (saveTransection)"
return,Relocation,In service,B,8/1/2019,P17099884,2500.0,Inactive,"updateCpeInfo,addCpeAccessory (saveTransection)"
return,Relocation,Inactive,B,8/1/2019,P17099884,2500.0,Return,"deleteOTCListService,updateCpeInfo,addCpeAccessory (saveTransection)"
return,Relocation,Inactive,B,8/1/2019,P17099884,2500.0,Inactive Not paid,"updateCpeInfo,addCpeAccessory (saveTransection)"
return,Relocation,In service,S,8/1/2019,P17099884,2500.0,Return,"updateCpeInfo,addCpeAccessory (saveTransection)"
return,Relocation,In service,S,8/1/2019,P17099884,2500.0,Inactive Not paid,"updateCpeInfo,addCpeAccessory (saveTransection)"
return,Relocation,In service,S,8/1/2019,P17099884,2500.0,Inactive,"updateCpeInfo,addCpeAccessory (saveTransection)"
return,Relocation,Inactive,S,8/1/2019,P17099884,2500.0,Return,"deleteOTCListService,updateCpeInfo,addCpeAccessory (saveTransection)"
return,Relocation,Inactive,S,8/1/2019,P17099884,2500.0,Inactive Not paid,"updateCpeInfo,addCpeAccessory (saveTransection)"
return,Relocation,In service,S,8/1/2019,P17099884,2500.0,Return,"updateCpeInfo,addCpeAccessory (saveTransection)"
return,Relocation,In service,S,8/1/2019,P17099884,2500.0,Inactive Not paid,"updateCpeInfo,addCpeAccessory (saveTransection)"
return,Relocation,In service,S,8/1/2019,P17099884,2500.0,Inactive,"updateCpeInfo,addCpeAccessory (saveTransection)"
return,Relocation,Inactive,S,8/1/2019,P17099884,2500.0,Return,"deleteOTCListService,updateCpeInfo,addCpeAccessory (saveTransection)"
return,Relocation,Inactive,S,8/1/2019,P17099884,2500.0,Inactive Not paid,"updateCpeInfo,addCpeAccessory (saveTransection)"